,Name,ID
0,Precious Achiuwa,/players/a/achiupr01.html
1,Steven Adams,/players/a/adamsst01.html
2,Bam Adebayo,/players/a/adebaba01.html
3,Ochai Agbaji,/players/a/agbajoc01.html
4,Santi Aldama,/players/a/aldamsa01.html
5,Nickeil Alexander-Walker,/players/a/alexani01.html
6,Grayson Allen,/players/a/allengr01.html
7,Jarrett Allen,/players/a/allenja01.html
8,Jose Alvarado,/players/a/alvarjo01.html
9,Kyle Anderson,/players/a/anderky01.html
10,Giannis Antetokounmpo,/players/a/antetgi01.html
11,Thanasis Antetokounmpo,/players/a/antetth01.html
12,Cole Anthony,/players/a/anthoco01.html
13,OG Anunoby,/players/a/anunoog01.html
14,Ryan Arcidiacono,/players/a/arcidry01.html
15,Deni Avdija,/players/a/avdijde01.html
16,Deandre Ayton,/players/a/aytonde01.html
17,Udoka Azubuike,/players/a/azubuud01.html
18,Marvin Bagley III,/players/b/baglema01.html
19,Patrick Baldwin Jr.,/players/b/baldwpa01.html
20,LaMelo Ball,/players/b/ballla01.html
21,Mo Bamba,/players/b/bambamo01.html
22,Paolo Banchero,/players/b/banchpa01.html
23,Desmond Bane,/players/b/banede01.html
24,Dalano Banton,/players/b/bantoda01.html
25,Dominick Barlow,/players/b/barlodo01.html
26,Harrison Barnes,/players/b/barneha02.html
27,Scottie Barnes,/players/b/barnesc01.html
28,RJ Barrett,/players/b/barrerj01.html
29,Will Barton,/players/b/bartowi01.html
30,Charles Bassey,/players/b/bassech01.html
31,Keita Bates-Diop,/players/b/bateske01.html
32,Nicolas Batum,/players/b/batumni01.html
33,Darius Bazley,/players/b/bazleda01.html
34,Bradley Beal,/players/b/bealbr01.html
35,Malik Beasley,/players/b/beaslma01.html
36,MarJon Beauchamp,/players/b/beaucma01.html
37,Dāvis Bertāns,/players/b/bertada01.html
38,Patrick Beverley,/players/b/beverpa01.html
39,Saddiq Bey,/players/b/beysa01.html
40,Khem Birch,/players/b/birchkh01.html
41,Goga Bitadze,/players/b/bitadgo01.html
42,Bismack Biyombo,/players/b/biyombi01.html
43,Buddy Boeheim,/players/b/boehebu01.html
44,Bogdan Bogdanović,/players/b/bogdabo01.html
45,Bojan Bogdanović,/players/b/bogdabo02.html
46,Bol Bol,/players/b/bolbo01.html
47,Leandro Bolmaro,/players/b/bolmale01.html
48,Devin Booker,/players/b/bookede01.html
49,Brandon Boston Jr.,/players/b/bostobr01.html
50,Chris Boucher,/players/b/bouchch01.html
51,James Bouknight,/players/b/bouknja01.html
52,Jamaree Bouyea,/players/b/bouyeja01.html
53,Tony Bradley,/players/b/bradlto01.html
54,Malaki Branham,/players/b/branhma01.html
55,Jarrell Brantley,/players/b/brantja01.html
56,Christian Braun,/players/b/braunch01.html
57,Mikal Bridges,/players/b/bridgmi01.html
58,Oshae Brissett,/players/b/brissos01.html
59,Malcolm Brogdon,/players/b/brogdma01.html
60,Dillon Brooks,/players/b/brookdi01.html
61,Bruce Brown,/players/b/brownbr01.html
62,Greg Brown III,/players/b/browngr01.html
63,Jaylen Brown,/players/b/brownja02.html
64,Kendall Brown,/players/b/brownke03.html
65,Moses Brown,/players/b/brownmo01.html
66,Sterling Brown,/players/b/brownst02.html
67,Troy Brown Jr.,/players/b/browntr01.html
68,Jalen Brunson,/players/b/brunsja01.html
69,Thomas Bryant,/players/b/bryanth01.html
70,Reggie Bullock,/players/b/bullore01.html
71,Alec Burks,/players/b/burksal01.html
72,Deonte Burton,/players/b/burtode02.html
73,Jared Butler,/players/b/butleja02.html
74,Jimmy Butler,/players/b/butleji01.html
75,John Butler,/players/b/butlejo01.html
76,Jamal Cain,/players/c/cainja01.html
77,Kentavious Caldwell-Pope,/players/c/caldwke01.html
78,Facundo Campazzo,/players/c/campafa01.html
79,Vlatko Čančar,/players/c/cancavl01.html
80,Clint Capela,/players/c/capelca01.html
81,Vernon Carey Jr.,/players/c/careyve01.html
82,Jevon Carter,/players/c/carteje01.html
83,Wendell Carter Jr.,/players/c/cartewe01.html
84,Michael Carter-Williams,/players/c/cartemi01.html
85,Alex Caruso,/players/c/carusal01.html
86,Julian Champagnie,/players/c/champju02.html
87,Justin Champagnie,/players/c/champju01.html
88,Kennedy Chandler,/players/c/chandke01.html
89,Max Christie,/players/c/chrisma02.html
90,Josh Christopher,/players/c/chrisjo01.html
91,Brandon Clarke,/players/c/clarkbr01.html
92,Jordan Clarkson,/players/c/clarkjo01.html
93,Nic Claxton,/players/c/claxtni01.html
94,Amir Coffey,/players/c/coffeam01.html
95,John Collins,/players/c/collijo01.html
96,Zach Collins,/players/c/colliza01.html
97,Chance Comanche,/players/c/comanch01.html
98,Mike Conley,/players/c/conlemi01.html
99,Pat Connaughton,/players/c/connapa01.html
100,Xavier Cooks,/players/c/cooksxa01.html
101,Robert Covington,/players/c/covinro01.html
102,Torrey Craig,/players/c/craigto01.html
103,Jae Crowder,/players/c/crowdja01.html
104,Jarrett Culver,/players/c/culveja01.html
105,Cade Cunningham,/players/c/cunnica01.html
106,Seth Curry,/players/c/curryse01.html
107,Stephen Curry,/players/c/curryst01.html
108,Dyson Daniels,/players/d/daniedy01.html
109,Anthony Davis,/players/d/davisan02.html
110,Johnny Davis,/players/d/davisjo06.html
111,Terence Davis,/players/d/daviste02.html
112,JD Davison,/players/d/davisjd01.html
113,Darius Days,/players/d/daysda01.html
114,Dewayne Dedmon,/players/d/dedmode01.html
115,Matthew Dellavedova,/players/d/dellama01.html
116,DeMar DeRozan,/players/d/derozde01.html
117,Moussa Diabaté,/players/d/diabamo01.html
118,Mamadi Diakite,/players/d/diakima01.html
119,Hamidou Diallo,/players/d/diallha01.html
120,Gorgui Dieng,/players/d/dienggo01.html
121,Ousmane Dieng,/players/d/diengou01.html
122,Spencer Dinwiddie,/players/d/dinwisp01.html
123,Donte DiVincenzo,/players/d/divindo01.html
124,Luka Dončić,/players/d/doncilu01.html
125,Tyler Dorsey,/players/d/dorsety01.html
126,Luguentz Dort,/players/d/dortlu01.html
127,Ayo Dosunmu,/players/d/dosunay01.html
128,Devon Dotson,/players/d/dotsode01.html
129,Jeff Dowtin,/players/d/dowtije01.html
130,PJ Dozier,/players/d/doziepj01.html
131,Goran Dragić,/players/d/dragigo01.html
132,Andre Drummond,/players/d/drumman01.html
133,Chris Duarte,/players/d/duartch01.html
134,David Duke Jr.,/players/d/dukeda01.html
135,Kris Dunn,/players/d/dunnkr01.html
136,Kevin Durant,/players/d/duranke01.html
137,Jalen Duren,/players/d/durenja01.html
138,Tari Eason,/players/e/easonta01.html
139,Anthony Edwards,/players/e/edwaran01.html
140,Kessler Edwards,/players/e/edwarke02.html
141,Keon Ellis,/players/e/elliske01.html
142,Joel Embiid,/players/e/embiijo01.html
143,Drew Eubanks,/players/e/eubandr01.html
144,Bruno Fernando,/players/f/fernabr01.html
145,Dorian Finney-Smith,/players/f/finnedo01.html
146,Malachi Flynn,/players/f/flynnma01.html
147,Simone Fontecchio,/players/f/fontesi01.html
148,Bryn Forbes,/players/f/forbebr01.html
149,Trent Forrest,/players/f/forretr01.html
150,Michael Foster Jr.,/players/f/fostemi02.html
151,Evan Fournier,/players/f/fournev01.html
152,De'Aaron Fox,/players/f/foxde01.html
153,Markelle Fultz,/players/f/fultzma01.html
154,Wenyen Gabriel,/players/g/gabriwe01.html
155,Daniel Gafford,/players/g/gaffoda01.html
156,Darius Garland,/players/g/garlada01.html
157,Usman Garuba,/players/g/garubus01.html
158,Luka Garza,/players/g/garzalu01.html
159,Rudy Gay,/players/g/gayru01.html
160,Paul George,/players/g/georgpa01.html
161,Taj Gibson,/players/g/gibsota01.html
162,Josh Giddey,/players/g/giddejo01.html
163,Shai Gilgeous-Alexander,/players/g/gilgesh01.html
164,Anthony Gill,/players/g/gillan01.html
165,Jacob Gilyard,/players/g/gilyaja01.html
166,Rudy Gobert,/players/g/goberru01.html
167,Jordan Goodwin,/players/g/goodwjo01.html
168,Aaron Gordon,/players/g/gordoaa01.html
169,Eric Gordon,/players/g/gordoer01.html
170,Devonte' Graham,/players/g/grahade01.html
171,Jerami Grant,/players/g/grantje01.html
172,RaiQuan Gray,/players/g/grayra01.html
173,A.J. Green,/players/g/greenaj01.html
174,Danny Green,/players/g/greenda02.html
175,Draymond Green,/players/g/greendr01.html
176,Jalen Green,/players/g/greenja05.html
177,JaMychal Green,/players/g/greenja01.html
178,Javonte Green,/players/g/greenja02.html
179,Jeff Green,/players/g/greenje02.html
180,Josh Green,/players/g/greenjo02.html
181,AJ Griffin,/players/g/griffaj01.html
182,Blake Griffin,/players/g/griffbl01.html
183,Quentin Grimes,/players/g/grimequ01.html
184,Rui Hachimura,/players/h/hachiru01.html
185,Tyrese Haliburton,/players/h/halibty01.html
186,Jordan Hall,/players/h/halljo02.html
187,R.J. Hampton,/players/h/hamptrj01.html
188,Tim Hardaway Jr.,/players/h/hardati02.html
189,James Harden,/players/h/hardeja01.html
190,Jaden Hardy,/players/h/hardyja02.html
191,Ron Harper Jr.,/players/h/harpero02.html
192,Montrezl Harrell,/players/h/harremo01.html
193,Gary Harris,/players/h/harriga01.html
194,Joe Harris,/players/h/harrijo01.html
195,Kevon Harris,/players/h/harrike01.html
196,Tobias Harris,/players/h/harrito02.html
197,Shaquille Harrison,/players/h/harrish01.html
198,Josh Hart,/players/h/hartjo01.html
199,Isaiah Hartenstein,/players/h/harteis01.html
200,Udonis Haslem,/players/h/hasleud01.html
201,Sam Hauser,/players/h/hausesa01.html
202,Jaxson Hayes,/players/h/hayesja02.html
203,Killian Hayes,/players/h/hayeski01.html
204,Gordon Hayward,/players/h/haywago01.html
205,Juancho Hernangómez,/players/h/hernaju01.html
206,Willy Hernangómez,/players/h/hernawi01.html
207,Tyler Herro,/players/h/herroty01.html
208,Buddy Hield,/players/h/hieldbu01.html
209,Haywood Highsmith,/players/h/highsha01.html
210,George Hill,/players/h/hillge01.html
211,Malcolm Hill,/players/h/hillma01.html
212,Aaron Holiday,/players/h/holidaa01.html
213,Jrue Holiday,/players/h/holidjr01.html
214,Justin Holiday,/players/h/holidju01.html
215,Richaun Holmes,/players/h/holmeri01.html
216,Al Horford,/players/h/horfoal01.html
217,Talen Horton-Tucker,/players/h/hortota01.html
218,Danuel House Jr.,/players/h/houseda01.html
219,Caleb Houstan,/players/h/houstca01.html
220,Trevor Hudgins,/players/h/hudgitr01.html
221,Kevin Huerter,/players/h/huertke01.html
222,Jay Huff,/players/h/huffja01.html
223,De'Andre Hunter,/players/h/huntede01.html
224,Bones Hyland,/players/h/hylanbo01.html
225,Serge Ibaka,/players/i/ibakase01.html
226,Andre Iguodala,/players/i/iguodan01.html
227,Joe Ingles,/players/i/inglejo01.html
228,Brandon Ingram,/players/i/ingrabr01.html
229,Kyrie Irving,/players/i/irvinky01.html
230,Jonathan Isaac,/players/i/isaacjo01.html
231,Jaden Ivey,/players/i/iveyja01.html
232,Frank Jackson,/players/j/jacksfr01.html
233,Isaiah Jackson,/players/j/jacksis01.html
234,Jaren Jackson Jr.,/players/j/jacksja02.html
235,Justin Jackson,/players/j/jacksju01.html
236,Quenton Jackson,/players/j/jacksqu01.html
237,Reggie Jackson,/players/j/jacksre01.html
238,LeBron James,/players/j/jamesle01.html
239,Ty Jerome,/players/j/jeromty01.html
240,Isaiah Joe,/players/j/joeis01.html
241,Alize Johnson,/players/j/johnsal02.html
242,Cameron Johnson,/players/j/johnsca02.html
243,Jalen Johnson,/players/j/johnsja05.html
244,James Johnson,/players/j/johnsja01.html
245,Keldon Johnson,/players/j/johnske04.html
246,Keon Johnson,/players/j/johnske07.html
247,Stanley Johnson,/players/j/johnsst04.html
248,Nikola Jokić,/players/j/jokicni01.html
249,Carlik Jones,/players/j/jonesca03.html
250,Damian Jones,/players/j/jonesda03.html
251,Derrick Jones Jr.,/players/j/jonesde02.html
252,Herbert Jones,/players/j/joneshe01.html
253,Kai Jones,/players/j/joneska01.html
254,Tre Jones,/players/j/jonestr01.html
255,Tyus Jones,/players/j/jonesty01.html
256,DeAndre Jordan,/players/j/jordade01.html
257,Cory Joseph,/players/j/josepco01.html
258,Nikola Jović,/players/j/jovicni01.html
259,Johnny Juzang,/players/j/juzanjo01.html
260,Mfiondu Kabengele,/players/k/kabenmf01.html
261,Frank Kaminsky,/players/k/kaminfr01.html
262,Trevor Keels,/players/k/keelstr01.html
263,Luke Kennard,/players/k/kennalu01.html
264,Walker Kessler,/players/k/kesslwa01.html
265,Braxton Key,/players/k/keybr01.html
266,Louis King,/players/k/kinglo02.html
267,Corey Kispert,/players/k/kispeco01.html
268,Maxi Kleber,/players/k/klebima01.html
269,Nathan Knight,/players/k/knighna01.html
270,Kevin Knox,/players/k/knoxke01.html
271,Christian Koloko,/players/k/kolokch01.html
272,John Konchar,/players/k/konchjo01.html
273,Furkan Korkmaz,/players/k/korkmfu01.html
274,Luke Kornet,/players/k/kornelu01.html
275,Vit Krejci,/players/k/krejcvi01.html
276,Jonathan Kuminga,/players/k/kuminjo01.html
277,Kyle Kuzma,/players/k/kuzmaky01.html
278,Anthony Lamb,/players/l/lamban01.html
279,Jock Landale,/players/l/landajo01.html
280,Romeo Langford,/players/l/langfro01.html
281,Jake LaRavia,/players/l/laravja01.html
282,Zach LaVine,/players/l/lavinza01.html
283,A.J. Lawson,/players/l/lawsoaj01.html
284,Damion Lee,/players/l/leeda03.html
285,Saben Lee,/players/l/leesa01.html
286,Alex Len,/players/l/lenal01.html
287,Kawhi Leonard,/players/l/leonaka01.html
288,Meyers Leonard,/players/l/leoname01.html
289,Caris LeVert,/players/l/leverca01.html
290,Kira Lewis Jr.,/players/l/lewiski01.html
291,Damian Lillard,/players/l/lillada01.html
292,Nassir Little,/players/l/littlna01.html
293,Isaiah Livers,/players/l/liveris01.html
294,Kenneth Lofton Jr.,/players/l/loftoke01.html
295,Kevon Looney,/players/l/looneke01.html
296,Brook Lopez,/players/l/lopezbr01.html
297,Robin Lopez,/players/l/lopezro01.html
298,Kevin Love,/players/l/loveke01.html
299,Kyle Lowry,/players/l/lowryky01.html
300,Trey Lyles,/players/l/lylestr01.html
301,Théo Maledon,/players/m/maledth01.html
302,Sandro Mamukelashvili,/players/m/mamuksa01.html
303,Terance Mann,/players/m/mannte01.html
304,Tre Mann,/players/m/manntr01.html
305,Boban Marjanović,/players/m/marjabo01.html
306,Lauri Markkanen,/players/m/markkla01.html
307,Naji Marshall,/players/m/marshna01.html
308,Caleb Martin,/players/m/martica02.html
309,Cody Martin,/players/m/martico01.html
310,Kenyon Martin Jr.,/players/m/martike04.html
311,Tyrese Martin,/players/m/martity01.html
312,Garrison Mathews,/players/m/mathega01.html
313,Bennedict Mathurin,/players/m/mathube01.html
314,Wesley Matthews,/players/m/matthwe02.html
315,Tyrese Maxey,/players/m/maxeyty01.html
316,Skylar Mays,/players/m/mayssk01.html
317,Miles McBride,/players/m/mcbrimi01.html
318,Mac McClung,/players/m/mccluma01.html
319,CJ McCollum,/players/m/mccolcj01.html
320,T.J. McConnell,/players/m/mccontj01.html
321,Jaden McDaniels,/players/m/mcdanja02.html
322,Jalen McDaniels,/players/m/mcdanja01.html
323,Doug McDermott,/players/m/mcderdo01.html
324,JaVale McGee,/players/m/mcgeeja01.html
325,Bryce McGowens,/players/m/mcgowbr01.html
326,Rodney McGruder,/players/m/mcgruro01.html
327,Jordan McLaughlin,/players/m/mclaujo01.html
328,De'Anthony Melton,/players/m/meltode01.html
329,Sam Merrill,/players/m/merrisa01.html
330,Chimezie Metu,/players/m/metuch01.html
331,Khris Middleton,/players/m/middlkh01.html
332,Patty Mills,/players/m/millspa02.html
333,Shake Milton,/players/m/miltosh01.html
334,Justin Minaya,/players/m/minayju01.html
335,Josh Minott,/players/m/minotjo01.html
336,Davion Mitchell,/players/m/mitchda01.html
337,Donovan Mitchell,/players/m/mitchdo01.html
338,Evan Mobley,/players/m/mobleev01.html
339,Isaiah Mobley,/players/m/mobleis01.html
340,Chima Moneke,/players/m/monekch01.html
341,Malik Monk,/players/m/monkma01.html
342,Moses Moody,/players/m/moodymo01.html
343,Xavier Moon,/players/m/moonxa01.html
344,Wendell Moore Jr.,/players/m/moorewe01.html
345,Ja Morant,/players/m/moranja01.html
346,Marcus Morris,/players/m/morrima03.html
347,Markieff Morris,/players/m/morrima02.html
348,Monte Morris,/players/m/morrimo01.html
349,Trey Murphy III,/players/m/murphtr02.html
350,Dejounte Murray,/players/m/murrade01.html
351,Jamal Murray,/players/m/murraja01.html
352,Keegan Murray,/players/m/murrake02.html
353,Mike Muscala,/players/m/muscami01.html
354,Svi Mykhailiuk,/players/m/mykhasv01.html
355,Larry Nance Jr.,/players/n/nancela02.html
356,Andrew Nembhard,/players/n/nembhan01.html
357,Aaron Nesmith,/players/n/nesmiaa01.html
358,Raul Neto,/players/n/netora01.html
359,Georges Niang,/players/n/niangge01.html
360,Daishen Nix,/players/n/nixda01.html
361,Zeke Nnaji,/players/n/nnajize01.html
362,Nerlens Noel,/players/n/noelne01.html
363,Jaylen Nowell,/players/n/nowelja01.html
364,Frank Ntilikina,/players/n/ntilila01.html
365,Kendrick Nunn,/players/n/nunnke01.html
366,Jusuf Nurkić,/players/n/nurkiju01.html
367,Jordan Nwora,/players/n/nworajo01.html
368,Royce O'Neale,/players/o/onealro01.html
369,Chuma Okeke,/players/o/okekech01.html
370,Josh Okogie,/players/o/okogijo01.html
371,Onyeka Okongwu,/players/o/okongon01.html
372,Isaac Okoro,/players/o/okorois01.html
373,KZ Okpala,/players/o/okpalkz01.html
374,Victor Oladipo,/players/o/oladivi01.html
375,Kelly Olynyk,/players/o/olynyke01.html
376,Eugene Omoruyi,/players/o/omorueu01.html
377,Cedi Osman,/players/o/osmande01.html
378,Kelly Oubre Jr.,/players/o/oubreke01.html
379,Chris Paul,/players/p/paulch01.html
380,Cameron Payne,/players/p/payneca01.html
381,Gary Payton II,/players/p/paytoga02.html
382,Theo Pinson,/players/p/pinsoth01.html
383,Scotty Pippen Jr.,/players/p/pippesc02.html
384,Mason Plumlee,/players/p/plumlma01.html
385,Jakob Poeltl,/players/p/poeltja01.html
386,Aleksej Pokusevski,/players/p/pokusal01.html
387,Jordan Poole,/players/p/poolejo01.html
388,Kevin Porter Jr.,/players/p/porteke02.html
389,Michael Porter Jr.,/players/p/portemi01.html
390,Otto Porter Jr.,/players/p/porteot01.html
391,Bobby Portis,/players/p/portibo01.html
392,Kristaps Porziņģis,/players/p/porzikr01.html
393,Micah Potter,/players/p/pottemi01.html
394,Dwight Powell,/players/p/poweldw01.html
395,Norman Powell,/players/p/powelno01.html
396,Jason Preston,/players/p/prestja01.html
397,Joshua Primo,/players/p/primojo01.html
398,Taurean Prince,/players/p/princta02.html
399,Payton Pritchard,/players/p/pritcpa01.html
400,Trevelin Queen,/players/q/queentr01.html
401,Neemias Queta,/players/q/quetane01.html
402,Immanuel Quickley,/players/q/quickim01.html
403,Lester Quinones,/players/q/quinole01.html
404,Julius Randle,/players/r/randlju01.html
405,Austin Reaves,/players/r/reaveau01.html
406,Cam Reddish,/players/r/reddica01.html
407,Davon Reed,/players/r/reedda01.html
408,Paul Reed,/players/r/reedpa01.html
409,Naz Reid,/players/r/reidna01.html
410,Jared Rhoden,/players/r/rhodeja01.html
411,Nick Richards,/players/r/richani01.html
412,Josh Richardson,/players/r/richajo01.html
413,Austin Rivers,/players/r/riverau01.html
414,Duncan Robinson,/players/r/robindu01.html
415,Mitchell Robinson,/players/r/robinmi01.html
416,Orlando Robinson,/players/r/robinor01.html
417,Jeremiah Robinson-Earl,/players/r/robinje02.html
418,Isaiah Roby,/players/r/robyis01.html
419,David Roddy,/players/r/roddyda01.html
420,Ryan Rollins,/players/r/rolliry01.html
421,Derrick Rose,/players/r/rosede01.html
422,Terrence Ross,/players/r/rosste01.html
423,Terry Rozier,/players/r/roziete01.html
424,Ricky Rubio,/players/r/rubiori01.html
425,D'Angelo Russell,/players/r/russeda01.html
426,Matt Ryan,/players/r/ryanma01.html
427,Domantas Sabonis,/players/s/sabondo01.html
428,Luka Šamanić,/players/s/samanlu01.html
429,Dario Šarić,/players/s/saricda01.html
430,Olivier Sarr,/players/s/sarrol01.html
431,Jordan Schakel,/players/s/schakjo01.html
432,Admiral Schofield,/players/s/schofad01.html
433,Dennis Schröder,/players/s/schrode01.html
434,Jay Scrubb,/players/s/scrubja01.html
435,Dereon Seabron,/players/s/seabrde01.html
436,Alperen Şengün,/players/s/sengual01.html
437,Collin Sexton,/players/s/sextoco01.html
438,Landry Shamet,/players/s/shamela01.html
439,Day'Ron Sharpe,/players/s/sharpda01.html
440,Shaedon Sharpe,/players/s/sharpsh01.html
441,Pascal Siakam,/players/s/siakapa01.html
442,Chris Silva,/players/s/silvach01.html
443,Ben Simmons,/players/s/simmobe01.html
444,Kobi Simmons,/players/s/simmoko01.html
445,Marko Simonovic,/players/s/simonma01.html
446,Anfernee Simons,/players/s/simonan01.html
447,Jericho Sims,/players/s/simsje01.html
448,Marcus Smart,/players/s/smartma01.html
449,Dennis Smith Jr.,/players/s/smithde03.html
450,Dru Smith,/players/s/smithdr01.html
451,Ish Smith,/players/s/smithis01.html
452,Jabari Smith Jr.,/players/s/smithja05.html
453,Jalen Smith,/players/s/smithja04.html
454,Xavier Sneed,/players/s/sneedxa01.html
455,Jeremy Sochan,/players/s/sochaje01.html
456,Jaden Springer,/players/s/sprinja01.html
457,Lamar Stevens,/players/s/stevela01.html
458,Isaiah Stewart,/players/s/stewais01.html
459,Max Strus,/players/s/strusma01.html
460,Jalen Suggs,/players/s/suggsja01.html
461,Edmond Sumner,/players/s/sumneed01.html
462,Cole Swider,/players/s/swideco01.html
463,Jae'Sean Tate,/players/t/tateja01.html
464,Jayson Tatum,/players/t/tatumja01.html
465,Terry Taylor,/players/t/taylote01.html
466,Garrett Temple,/players/t/templga01.html
467,Dalen Terry,/players/t/terryda01.html
468,Daniel Theis,/players/t/theisda01.html
469,Cam Thomas,/players/t/thomaca02.html
470,Klay Thompson,/players/t/thompkl01.html
471,JT Thor,/players/t/thorjt01.html
472,Matisse Thybulle,/players/t/thybuma01.html
473,Xavier Tillman Sr.,/players/t/tillmxa01.html
474,Isaiah Todd,/players/t/toddis01.html
475,Obi Toppin,/players/t/toppiob01.html
476,Juan Toscano-Anderson,/players/t/toscaju01.html
477,Karl-Anthony Towns,/players/t/townska01.html
478,Gary Trent Jr.,/players/t/trentga02.html
479,P.J. Tucker,/players/t/tuckepj01.html
480,Myles Turner,/players/t/turnemy01.html
481,Stanley Umude,/players/u/umudest01.html
482,Jonas Valančiūnas,/players/v/valanjo01.html
483,Jarred Vanderbilt,/players/v/vandeja01.html
484,Fred VanVleet,/players/v/vanvlfr01.html
485,Devin Vassell,/players/v/vassede01.html
486,Gabe Vincent,/players/v/vincega01.html
487,Noah Vonleh,/players/v/vonleno01.html
488,Nikola Vučević,/players/v/vucevni01.html
489,Dean Wade,/players/w/wadede01.html
490,Franz Wagner,/players/w/wagnefr01.html
491,Moritz Wagner,/players/w/wagnemo01.html
492,Ish Wainright,/players/w/wainris01.html
493,Jabari Walker,/players/w/walkeja01.html
494,Kemba Walker,/players/w/walkeke02.html
495,Lonnie Walker IV,/players/w/walkelo01.html
496,John Wall,/players/w/walljo01.html
497,T.J. Warren,/players/w/warretj01.html
498,Duane Washington Jr.,/players/w/washidu02.html
499,P.J. Washington,/players/w/washipj01.html
500,TyTy Washington Jr.,/players/w/washity02.html
501,Yuta Watanabe,/players/w/watanyu01.html
502,Lindy Waters III,/players/w/waterli01.html
503,Trendon Watford,/players/w/watfotr01.html
504,Peyton Watson,/players/w/watsope01.html
505,Blake Wesley,/players/w/weslebl01.html
506,Russell Westbrook,/players/w/westbru01.html
507,Coby White,/players/w/whiteco01.html
508,Derrick White,/players/w/whitede01.html
509,Jack White,/players/w/whiteja03.html
510,Joe Wieskamp,/players/w/wieskjo01.html
511,Aaron Wiggins,/players/w/wiggiaa01.html
512,Andrew Wiggins,/players/w/wiggian01.html
513,Lindell Wigginton,/players/w/wiggili01.html
514,Alondes Williams,/players/w/willial06.html
515,Donovan Williams,/players/w/willido02.html
516,Grant Williams,/players/w/willigr01.html
517,Jalen Williams,/players/w/willija06.html
518,Jaylin Williams,/players/w/willija07.html
519,Jeenathan Williams,/players/w/willije02.html
520,Kenrich Williams,/players/w/willike04.html
521,Mark Williams,/players/w/willima07.html
522,Patrick Williams,/players/w/willipa01.html
523,Robert Williams,/players/w/williro04.html
524,Vince Williams Jr.,/players/w/willivi01.html
525,Ziaire Williams,/players/w/willizi02.html
526,Zion Williamson,/players/w/willizi01.html
527,Dylan Windler,/players/w/windldy01.html
528,Justise Winslow,/players/w/winslju01.html
529,James Wiseman,/players/w/wisemja01.html
530,Christian Wood,/players/w/woodch01.html
531,Delon Wright,/players/w/wrighde01.html
532,McKinley Wright IV,/players/w/wrighmc01.html
533,Gabe York,/players/y/yorkga01.html
534,Thaddeus Young,/players/y/youngth01.html
535,Trae Young,/players/y/youngtr01.html
536,Omer Yurtseven,/players/y/yurtsom01.html
537,Cody Zeller,/players/z/zelleco01.html
538,Ivica Zubac,/players/z/zubaciv01.html
